{"cameraMode":{"drawMode":0,"name":"Shaded","section":"Shading Mode"},"sceneLighting":false,"audioPlay":false,"sceneViewState":{"m_AlwaysRefresh":false,"showFog":true,"showSkybox":false,"showFlares":true,"showImageEffects":true,"showParticleSystems":true,"showVisualEffectGraphs":true,"m_FxEnabled":true},"in2DMode":false,"pivot":{"x":1.138831615447998,"y":21.85158920288086,"z":124.20767211914063},"rotation":{"x":0.16899071633815766,"y":-0.00739623699337244,"z":0.001268206164240837,"w":0.9855965971946716},"size":66.4603500366211,"orthographic":true}